Words,Frequency
These,1
Parathas,1
has,3
shelf,1
life,1
of,17
2,1
yearsğŸ˜³ğŸ˜³,1
Frozen,1
Paratha,1
"MakingğŸ˜‹ğŸ˜‹
.
Watch",1
the,32
full,6
video,6
on,8
my,6
YouTube,2
channel.,2
Link,2
is,7
in,7
"bioğŸ¤—ğŸ¤—
.
#foodieincarnate",2
#Reelitfeelit,4
#reelkarofeelkaro,5
#reelsinstagram,5
#reels,5
#paratha,2
#indianfood,5
#viralfood,3
#explore,3
#foodfactory,1
Crossed,1
3,4
Million,1
subscribers,1
"YouTube.ğŸ¤©ğŸ¤©
It",1
wouldn't,1
have,1
been,2
possible,1
without,1
love,1
&,3
support,1
you,5
guys.,1
Thank,1
every,1
single,1
one,1
"youâ¤ï¸ğŸ¤—
.
#foodieincarnate",1
#amarsirohi,2
Thick,1
Creamy,1
Red,1
Velvet,1
Shake,1
from,3
@shakesjunctionsaket,1
"ğŸ¤©ğŸ¤©
.
Must",1
visit,1
this,4
place,2
for,5
good,1
quality,1
thick,1
shakes,1
pocket,2
friendly,1
prices.,1
Address:,1
Shakes,1
"Junction,",1
PVR,1
"Anupam,",1
"Saket
.
#foodieincarnate",1
#redvelvet,1
#milkshake,1
#newdelhi,3
#trending,2
#milkshakes,1
Now,1
enjoy,1
best,3
delightful,1
Indian,1
food,2
just,1
simple,1
steps,1
-,1
"Open,",1
Heat,1
"Eat.
QuikShef",1
offers,2
ready-to-eat,1
meals,1
that,4
taste,1
like,1
they,1
were,3
prepared,1
at,6
"home.

Be",1
part,1
India's,1
fastest-growing,1
"business.
For",1
Quikshef,1
Franchise,1
"Enquiry
ğŸ“",1
"18002032411
Know",1
more:,1
"www.quikshef.com
.
@quikshef
#Foodieincarnate",1
#QuikShef,1
"#QuikFood
#Franchise",1
"#FranchiseOpportunities
#Instantfood",1
#EasyToCookMeals,1
#InstantMeals,1
#EasyMeals,1
"#ReadyToEat
#Jainfood",1
#FastFood,1
"#DeliciousBites
#AuthenticTaste",1
#MadeinIndia,1
20,1
Lakh,1
Rs/-,1
Kg,1
Gulabjal,1
Making,1
Uttar,1
"PradeshğŸ˜±ğŸ˜±
.
Watch",1
#reelitfeelit,1
#gulabjal,1
#rosewater,1
#streetfood,4
#tasteofUP,1
#swadUPka,1
#cuisineofuttarpradesh,1
Have,1
ever,1
seen,1
Yellow,1
"Watermelon??ğŸ˜³ğŸ˜³
.
Kindly",1
watch,2
"location,",2
price,2
and,8
other,2
"detailsğŸ¤—ğŸ¤—
.
#foodieincarnate",2
#sodelhi,2
#foodtalkindia,2
#delhigram,2
#delhifoodblogger,2
#foodgasm,2
#foodporn,2
#foodpornshare,2
#foodlover,2
#foodgram,2
#foodiesofinstagram,2
#foodie,2
#indianstreetfood,2
#delhistreetfood,2
#streetfoodindia,2
#mumbaistreetfood,2
#delhifoodie,2
#foodblogger,3
#indianfoodie,2
#desikhana,2
#indianfoodblogger,2
#indianfoodbloggers,2
#delhifood,2
#mumbai,2
#delhi,2
#golgappa,1
#panipuri,1
Tag,2
someone,1
who,4
can,1
finish,1
INDIA'S,1
BIGGEST,1
"PARATHAğŸ˜±ğŸ˜±
.
Watch",1
Fb,1
"pageğŸ¤—ğŸ¤—
.
#foodieincarnate",2
If,1
are,4
searching,1
to,15
stay,1
"Haridwar,",1
look,1
no,1
further,1
than,2
"@pilibhithouseharidwar

Sitting",1
charmingly,1
by,3
Ganges,2
overlooking,1
glorious,1
Shivalik,1
"Himalayas,",1
it,3
a,8
century,1
old,1
aristocratic,1
noble,1
"house,",1
which,2
meticulously,1
restored,1
provide,1
experiences,1
Haridwar.,1
Housing,1
largest,1
private,1
bathing,1
ghat,1
"region,",1
also,1
mersmerising,1
view,1
artfully,1
designed,1
rooms,1
suites,1
across,1
levels.,1
Highly,1
recommended,1
"place.ğŸ‘ğŸ»ğŸ‘ğŸ»
.
#Foodieincarnate",1
#PilibhitHouseRituals,1
#UntoldHaridwar,1
#SoulStirringHaridwar,1
#staycation,1
#haridwar,2
#hotelblogger,1
à¤¶à¥à¤°à¥€,1
à¤°à¤¾à¤®,1
à¤œà¤¨à¥à¤®à¤­à¥‚à¤®à¤¿,1
Ayodhya,1
à¤®à¥‡à¤‚,1
Free,1
Food,1
For,1
"EveryoneğŸ™ğŸ»ğŸ™ğŸ»
.
Watch",1
Facebook,1
#ayodhya,1
#prasad,1
#shreeram,1
#ramjanmabhoomi,1
Best,1
Veg,1
Buffet,1
@pilibhithouseharidwar,1
"ğŸ˜±ğŸ˜±
.
Kindly",1
#buffet,1
,37
According,2
an,2
article,1
published,1
@nytimes,1
recent,1
study,3
The,3
Annals,1
Internal,1
"Medicine,",1
concluded,1
those,3
drank,2
1.5,1
3.5,1
cups,2
coffee,4
per,2
"day,",1
even,1
with,6
teaspoon,1
"sugar,",1
up,1
30,1
percent,2
less,2
likely,2
die,2
during,2
period,1
didnâ€™t,1
drink,1
coffee.,1
Those,1
unsweetened,1
16,1
21,1
"period,",1
drinking,1
about,2
three,1
day,1
having,1
lowest,1
risk,1
death,1
when,1
compared,1
noncoffee,1
"drinkers.

Of",1
course,1
there,1
many,1
more,1
deterring,1
factors,1
but,2
big,1
news,1
lovers.,1
So,1
grab,1
cup,1
your,2
favorite,2
"spot.

Here",1
few,2
our,1
favorites:,1
@happybonesnyc,1
@seycoffee,1
@stumptowncoffee,1
@bluebottle,1
@coffeeprojectny,1
@lacolombecoffee,1
@arabicausa,1
@dutchbroscoffee,1
@wingstop,2
partnered,1
@thesurgeon,1
create,1
â€œLemon,1
Pepper,1
1â€™s.â€,1
collaboration,1
plays,1
off,1
iconic,2
Wingstop,3
palette,1
upper,1
incorporates,1
"smooth,",1
forest,1
green,2
leather,2
against,1
athletic,1
mesh.,1
Cream,1
suede,2
pairs,2
back,1
scratch-made,1
"ranch,",1
alongside,1
shaggy,1
tan,1
swoosh,1
echoes,1
"crispy,",1
fried,1
texture,1
Wingstopâ€™s,1
classic,1
wings,1
tenders.,1
A,1
secret,1
sits,1
behind,1
paper-bag,1
inspired,1
"tongue,",1
included,1
stash,1
"seasoning,",1
logo,1
hit,1
"heel.

30",1
will,2
be,4
given,2
away,2
IG,1
page,2
lucky,1
individuals,1
starting,1
today,1
through,1
"6/16.

Here's",1
how,1
"enter:
1.",1
Follow,2
"@Wingstop
2.",1
"@TheSurgeon
3.",1
friends,1
below,1
"#LemonPepper1s

#foodculture",1
#foodcollabs,1
#wings,1
#nike,1
#nikeairforce1,1
#sneakerhead,1
#sneakerdrop,1
#sneakercommunity,1
This,1
summer,1
@heinz_ca,1
borrowing,1
beer,1
"category,",1
time,1
itâ€™s,1
not,1
Rockies,1
turning,1
blue.,1
Inspired,1
contentious,1
debate,1
whether,1
ketchup,2
should,2
served,1
cold,1
or,1
room,2
temperature.,2
Heinz,3
Canada,1
releasing,1
limited,1
temperature-activated,2
labels,2
packets.,1
"survey,",1
nearly,2
half,1
Canadians,1
feel,1
only,1
way,1
consume,1
"cold,",1
though,1
20%,1
said,1
limited-edition,1
bottles,1
Cold,1
Ketchup,1
featuring,1
social,1
media,1
available,1
"@wendyscanada
ğŸ¥:",1
@themessagecanada,1
#foodnews,1
#heinz,1
#marketing,1
